-- ============================================================
-- SEED DATA - Ejercicios de los planes existentes
-- ============================================================

-- Nota: Reemplazá 'COACH_USER_ID' con el UUID del usuario coach
-- luego de crearlo en Supabase Auth.

-- EXERCISES
insert into exercises (id, name, video_url, technique_notes, muscle_group) values
  ('39b601aa-3273-45d6-be0a-5681f5a13c2b', 'BRACING', 'https://youtube.com/shorts/vWRgGszXRpE', 'respiracion disfragmatica (solo por abdomen) para aplicarla en el resto de los ejercicios y mantener una estabilidad central q nos proteja la columna', null),
  ('43a0ab01-28b7-4c31-b43c-ddbcf3ad0c41', 'GOBLET SQUAT BENCH', 'GOBLET SQ TO BENCH.mp4', 'rodillas afuera (no pies). toco banco y subo/ tomo aire arriba. mantengo al bajar y suelto al subir', null),
  ('4ba8afec-0f9c-4c50-825e-6bd39be4a065', 'PESO MUERTO RUMANO CON MANCUERNAS', 'DL con DB.mp4', 'rodillas hacia afuera. pies completos apoyados TODO el recorrido. al llegar abajo de la rodilla con MANCUERNAS subo. PESO PEGADO AL CUERPO tomo aire abajo mantengo al subir y suelto al bajar.', null),
  ('5b58cec4-e2f5-432b-af66-fbf4847f1a06', 'molino con aductor', 'windmill mobility .mp4', 'separo rodillas lo mas posible. mantengo neutralidad en columna (no exagerar meter o sacar cola). mano en nuca, el codo busca antebrazo contrario y busco rotar lo mas posible. EVITO ELEVAR HOMBROS', null),
  ('f4c5fbf3-7e00-494f-bbb7-3c80a1d54b6a', 'REMO TRX', 'IMG_3133.MOV', 'saco pecho todo el tiempo. cuerpo como una plancha. cadera y hombros se mueven juntos. tomo aire atras. mantengo al subir y suelto al bajar', null),
  ('5fe6baba-9a9f-4bf4-bd28-6eca657b6f3c', 'TEMPO PUSH UP EN BANCO', 'PUSH UP BENCH.mp4', 'CUENTO 3 SEGUNDOS PARA BAJAR, MANTENGO 2 Y SUBO EN UN SEGUNDO. tomo aire arriba. mantengo al bajar y suelto al subir. hombro y cadera se mueven juntos/ codos a 45 grados.', null),
  ('8b5ad0de-8954-467c-be06-8c15e539e189', 'jefferson', 'JEFFERSON.mp4', 'me plego como un gusano segmentando la columna, primero cervical, despues dorsal, despues lumbar y ultimo sacro. RODILLAS EXTENDIDAS PESO DISTRIBUIDO EN TODA PLANTA DEL PIE,. vuelvo igual al revez lo ultimo q sube es la cabeza', null),
  ('e052c496-0d5d-4e15-af04-1b1db016bb19', 'TRIPLE AMENAZA', 'IMG_2499.MOV', 'cola arriba todo el tiempo. brazos apoyados. tomo aire piernas extendidas. mantengo al traccionar y suelto al extender.', null),
  ('994390a8-9aab-4abd-b181-b1c7167baf96', 'SENTADILLA SPLIT', 'SPLIT SQ DB.mp4', 'tomo aire arriba, mantengo al bajar y suelto al subirparada me dejo caer para establecer distancia. al bajar, rodilla de adelante hacia afuera y deberia quedar en angulo de 90 grados. extiendo completamente al subir', null),
  ('86db86c7-a07c-4fd0-b3c4-0a4d3bdf69df', 'TOBILLO', 'ANKLE W KB.mp4', 'Tiro rodilla lo mas adelante posible, no el cuerpo. solo rodilla. sin levantar talon.', null),
  ('778dbfb5-e221-4b00-b573-3b92396b7e7c', 'PRESS MILITAR', 'PRESS MILITAR DB D.mp4', 'palmas enfrentadas todo el tiempo. no balanceo cuerpo, subo brazos hasta que queden al costado de la oreja. tomo aire mientras subo suelto al bajar', null),
  ('b62c5937-5ae8-443d-b325-b16e10810c6f', 'REMO UNILAT POLEA', 's row pulley(1).mp4', 'cadera y hombros derechos mirando a la polea. codo pegado al cuerpo. pie contrario adelantado para mas estabilidad. tomo aire. tracciono manteniendo y suelto al volver el brazo', null),
  ('e7c46ac4-ef80-4e21-883f-49262340dc67', 'COLGARSE', 'Hang.mp4', 'Agarre completo de la mano sobre la barra/ me dejo colgar y suelto todo el cuerpo', null),
  ('70ec927f-4203-4c14-b77b-fca8d0d5213e', 'SALTO UNIPODAL A BASE', 'SINGLE HOP TO STEP.mp4', 'MANOS EN CINTURA. salto y al estabilizar vuelvo a saltar para atras. tratar de controlar que rodilla no se vaya adentro, siempre afuera', null),
  ('2003ffec-eea5-4b2a-b6c1-b75c3d1a2865', 'PALLOF PRESS', 'PALLOF PRESS(1).mp4', 'APLICO BRACING. mentengo aire adelante unos 2 a 3 seg y vuelvo. hombro y cadera miran hacia adelante', null),
  ('e6a1d101-0be3-4fd1-af0c-baf86686d15f', 'goblet sq con peso y cajon/step', 'SQUAT TO STEP SUB.mp4', 'Talones pegados al step. rodillas afuera. peso distribuido en toda la planta del pie', null),
  ('3efed87a-b66f-42f2-80d2-77dc640057ef', 'GLUTEO MEDIO CON BANDA PARADA', 'medium glute stand band.mp4', 'mantengo apertura 3 segundos. rodillas rotacion externa. evito abrir la cadera. semiflexion de rodilla.', null),
  ('7b36b15b-5b7b-41cd-a226-6e8692607cdf', 'PESO MUERTO CABRA', 'DL TOMA CABRA SUB.mp4', 'marco bisagra de cadera. la cadera por atras de la linea de la rodilla y del pie. rodillas hacia afuera', null),
  ('813b8f52-99dd-49ec-bc6a-d3cc16aa76e5', 'glute bridge', 'GLUTE BRIDGE SUB.mp4', 'Cadera alineada. tomo aire abajo. mantengo mientras subo y suelto al bajar.', null),
  ('407479a7-36b0-4035-95d9-47abf674fd60', 'plancha APLICANDO BRACING', 'floor plank sub.mp4', 'alineo hombro y cadera. aplico bracing. suelto el aire ajustando el abdomen.', null),
  ('1c9a01b5-9e03-41f5-a75f-f9d1fa00d1d4', 'CARPA', 'carpa.mp4', 'posicion de plancha, subo cadera y busco meter cabeza lo mas adentro posible, sacar cola y buscar talon al suelo. no despego apoyo de pies o manos NUNCA', null),
  ('2f072f6b-8ccf-4eee-887c-84fcaeed11bb', 'SENTADILLA RACK', 'RACK SQ(1).mp4', 'con supercificie en talones. . bajo lo mas posible siempre y cuando todo el pie este apoyado en todo momento y torso no se vaya adelante. tomo aire arriba mantengo al bajar y suelto al subir. bajo controlado y subo lo mas rapido posible', null),
  ('0f2040f2-173c-4954-8f87-41a24de3eb96', 'PESO MUERTO RUMANO CON BARRA', 'RDL SUB.mp4', 'rodillas hacia afuera. pies completos apoyados TODO el recorrido. al llegar abajo de la rodilla con barra subo', null),
  ('5b2607eb-9b21-4a8e-8ae3-5679b2d85a2a', 'W A Y POSICION SUPINA', 'W TO Y laydown.mp4', 'junto escapulas al marcar w y trato de no pegar hombros a oreja cuando extiendo los codos a Y', null),
  ('8dbbf3e8-4d52-42f7-8cda-99ac96c8c33b', 'chin ups', 'CHIN UPS .mp4', 'palmas miran HACIA VOS. AL BAJAR, extiendo los codos por completo,', null),
  ('4dd27aa3-26d6-4d47-ae22-04f5ee752b10', 'PUSH UP BANCO', 'PUSH UP BENCH.mp4', 'hombro y cadera se mueven juntos. aplico bracing. mantengo respiracion mientras bajo y suelto al subir ajustando abdomen. bajo de manera controlada y subo rapido MIENTRAS MAS BAJO EL BANCO MAS DIFICIL.', null),
  ('98ec8950-19a9-42e5-818b-7120d5acd8f2', 'open book', 'open book wall .mp4', 'trato de no tocar la pared.junto escapulas en maxima apertura. evito levantar los hombros (pegarlos a la cabeza) sigo con la mirada el movimiento', null),
  ('4756fede-e1ae-46f6-b248-8885d8f78786', 'DL unilateral', '1SIDE DEADLIFT.mp4', 'TODO PESO en pie de ADELANTE. mismo movimiento que peso muerto, tiro cadera hacia atras, espalda derecha.', null),
  ('9631c9cf-c253-47da-bb1c-1b1aa8a2d31e', 'PISTOL TRX', 'pistol squat .mp4', 'trx solo ayuda para estabilidad, fuerza de pierna para subir empujando el suelo (NO HAGO FUERZA CON BRAZOS)', null),
  ('d678b8ea-a998-4b33-b2cb-bb12678914b0', 'SPIDERMAN APOYO Y DESAPOYO RODILLA.', 'spiderman .mp4', 'Pie a la altura de la mano. esaplda derecha. rodilla de atras se flexiona y se extiende  por completo.', null),
  ('9f215909-1ca1-47ba-a481-aff1b6c66714', 'DB PRESS INCLINADO', 'DB INCLINE BENCH PRESS.mp4', 'codos a 45 grados. al subir las manos quedan alineadas con codos y hombros.', null),
  ('a85f1276-1c77-4481-af6d-1fb22d57b3ae', 'SEAL ROW', 'SEAL ROW.mp4', 'no levanto pecho. subo rapido y bajo controlado. tomo aire cuando subo.suelto al bajar.  La fuerza es en la espalda', null),
  ('8a6bcaea-de5f-46a2-9543-eb06fbc785c4', 'AJUSTE COLGADO', 'Scapular adjustment.mp4', 'codos NO se flexionan nunca. es hacer un movimiento de "que me importa" con los hombros ascendiendo y descendiendo los mismos.', null),
  ('4effccf7-9a9a-45ef-bc05-46a11f279873', 'LIFT', 'LIFT SPLIT MB.mp4', 'el movimiento es diagonal y comienza desde el lado de la pierna atrasada. el movimiento es EXPLOSIVO COMO SI FUESES A revolear la pelota. tomo aire abajo y suelto al subir. lo principal del movimiento es NO ROTAR la columna y frenar la propulsion del movimiento.', null),
  ('a5a8d655-e975-4ece-a497-e488931e614f', 'PLANCHA EN FITBALL', 'FITBAL PLANK.mp4', 'rechazo la pelota, codos a altura de hombro y mantengo posicion ajustando el abdomen para que la cadera no caiga. APLICO BRACING. mientras mas juntos los pies mas dificil', null),
  ('ff34e608-0ff5-4290-966c-47c38c3550c0', 'SALTO VERTICAL', 'vertical jump.mp4', 'posicion inicial: rodillas semiflexionadas y rotadas hacia afuera.  salto lo MAS ALTO posible llevando brazos arriba aprovechando el impulso y busco extenderme por completo, al caer: estabilizo y amortiguo sin hacer ruido. UNA VEZ Q ENCONTRE EQUILIBRIO Y CONTROLE EL MOVIMIENTO SALGO DE VUELTA', null),
  ('86624d8a-7e40-4609-a6f6-4b2c94e34d17', 'gluteo medio polea', 'Gluteo medio en polea (abductor) - YouTube', 'pierna del suelo por delante del cable. no compensar con el torso inclinandolo, siempre bien derecho. mantengo el aire al subir pierna y suelto al bajar tratando de controlar el movimiento y que no te gane la fuerza de la polea', null),
  ('7ba8e37f-b1f0-4ec9-a0af-1b480f7e3d13', 'hop lateral a step', 'lateral hop.mp4', 'brazos a la cintura. estabilizo y luego salto de vuelta. salto hacia afuera y hacia adentro y se cuenta como una.', null),
  ('207974bd-2090-43a0-9edf-7f609c2f33c0', 'split p/ tobillo', 'SPLIT SQUAT TO ANKLE .mp4', 'trato de llevar la rodilla de adelante lo mas adelante posible sin que se levante el talon. espalda derecha. puede hacerse con un peso en cada mano o solo uno. no importa el lado', null),
  ('05b970ca-84bf-44f8-a7a3-5bf6c2b54efa', 'CHINITO', 'CHINITO SUB.mp4', 'con basew en talones. gluteos activos. rodillas hacia afuera. junto escapulas. toda la planta del pie apoyada', null),
  ('6e6a6ea1-0bf1-4fcb-981d-aef6d7f92708', 'bicho muerto mano en rodilla contraria', 'Dead bug with isometric hand-to-knee press (opposite sides).MOV', 'mano en rodilla contraria, fuerzas opuestas  altas e iguales todo el tiempo. tomo aire arriba, mantengo al bajar brazo y pierna contraria  y suelto al subir, todas seguidas  a un lado luego al otro', null),
  ('483542b0-08cf-4b94-b7b4-36072cb9d369', 'SENTADILLA LATERAL CON DEFICIT', 'lateral squat.mp4', 'Pierna que NO esta en el step siempre extendida. rodillas hacia afuera. fuerza con espalda para mantenerla derecha.', null),
  ('f8698392-08dc-4814-b1d2-92d4e356e0be', 'carpa a spiderman', 'spiderman carpa.mp4', 'trato de hacer el movimiento lo mas fluido posible. en plancha busco llegar con talones al suelo y en spiderman rodilla de adelante hacia afuera y al subir el brazo abro bien el pecho', null),
  ('93e73280-eb44-447e-81ef-1d02a798d089', 'reloj en suelo', 'https://www.youtube.com/watch?v=0jL12X4qh6w', 'cabeza apoyada, brazos lo mas arriba posible todo el tiempo', null),
  ('341fad9d-fbc5-4acf-941e-8923bca2f8bb', 'ajuste en plancha', 'me sale para la bosta, no logro adelantar el pie ni acomodarlo. cuando lo llevo hacia adelante, no logro que quede a la altura de mis manos, salvo que me acomode, pero el movimiento no es natural', 'se junta y separa escapulas SIN que se caiga la cadera. core ajustado. tomo aire cuando rechazo y  mantengo al ajustar o juntar escapulas', null),
  ('a1d8a7c3-6018-48cd-bc22-78cfe3e5f9d7', 'STEP DOWN', 'step down.mp4', 'rodilla del cajon siempre hacia afuera y adelante. bajo hasta donde pueda controlar subida. evito arquearme mucho con espalda', null),
  ('7976ecf1-3259-4717-8ec7-dc8b41e4aef6', 'Dead Bug powerband', 'dead bug powerband.mp4', 'tomo aire arriba, mantengo al bajar y suelto al subir ajustando el abdomen. los pies buscan el suelo pero solo ROZAN con los talones el suelo, no se descarga el peso en ningun momento. avisar si hay dolor lumbar', null),
  ('6ebd1df9-7c6b-4210-a944-f28a9eee09a2', 'PLANCHA LATERAL JUNTO CODO CON RODILLA', 'lateral plank knee elbow.mp4', 'evito que cadera caiga. tomo aire mantengo al juntar y suelto al extender. cadera alineada.', null),
  ('f669b713-390e-46b5-afcb-6631e71c5208', 'GATO BUENO MALO', 'gato bueno malo.mp4', 'meto cola y cabeza subiendo columna al techo y luego al revez, mirada arriba saaco cola y panza al suelo.', null),
  ('7f940e39-e398-4087-90ca-805f259f7756', 'hombro con palo', 'SHOULDER MOBILITY OVER HAND .mp4', 'mientras mas angosto el agarre mas dificil. evitar arquear espalda o subir hombros. ajusto core llevando ombligo hacia la lumbar', null),
  ('62b437dd-8278-449a-9fe4-4514e0837e40', 'molino en chinito', 'molino chinit.mp4', 'ajusto gluteo,no "escondo" cola.  codos empujas rodilla afuera, roto lo mas posible, plantas del pie apoyadas en su totalidad', null),
  ('5e7c6567-7dcc-4a41-88d9-f1cac7e5e7df', 'PULL APART', 'PULL APART.mp4', 'PALMAS ARRIBA. mientras mas cerca el agarre mas dificil, codos siempre extendidos marco abduccion horizontal juntando escapulas atras. evitar levantar hombros o arquear espalda', null),
  ('07c98c81-5077-4f40-8c3b-da857881c1b6', 'patinadores', 'patinadores.mp4', 'mientras mas lejos la zancada, mas complejo para estabilizar. una vez que encuentro el equilibrio paso al otro lado, que no se vea como que te caes a los costados.', null),
  ('993f8d6c-59b0-48e5-a5c0-6dc08da2b661', 'pallof press isometrico polea', 'pallof press iso.mp4', 'mantengo posicion, codos extendidos completamente, aplico bracing, trato de no compensar con hombros (elevandolos) o con cadera (ladeandola)', null),
  ('4ac00928-05a0-4e0e-a82a-4be26ef07190', 'superman en plancha', 'superman plank(1).mp4', 'aplico bracing. tomo aire abajo mantengo al subir y suelto al bajar. mantener neutra la columna (no quebrar espalda baja). NO ABRIR CADERA.', null),
  ('90eb0d92-1c38-4b1b-8063-7f24a44daa8c', 'JEFFERSON', 'JEFFERSON.mp4', 'trato de bajar vertebra por vertebra, rodillas siempre extendidas , peso distribuido en TODA la planta del pie', null),
  ('e7c10ef6-ce0a-4c68-9f5e-0f11232234e2', 'PULL APART DIAGONAL', 'DIAGONAL PULL APART.mp4', 'Palma de abajo mira adelante. codos extendidos siempre. NO ARQUEO ESPALDA', null),
  ('9eeb917b-09dc-44f8-8d6f-8b9833a62332', 'movilidad de cadera con kb', 'https://www.youtube.com/shorts/ID4Dx8vPbUY', 'meto bien la cola todo el tiempo. voy lo mas abajo y adelante posible con la cadera', null),
  ('413f3663-96f6-4ed7-98b2-24721154f04c', 'SINGLE GLUTE RAISES + ABD', 'SINGLE GLUTE RAISES + ABD.mp4', 'CADERA ALINEADA SIEMPRE. cuando separo las rodillas mantengo estable la otra. al bajar no descargo peso', null),
  ('4b31e34e-4715-4b15-92f8-d55d9ffbc494', 'HALO SPLIT', 'HALO SPLIT EXP.mp4', 'RODILLA APOYADA. se trata de no mover el torso para no compensar el movimiento de brazos. movimiento completo y circular a la altura del cuello siempre. agarre pegado mas dificil que con manos mas separadas a la pesa rusa', null),
  ('847c5b07-4e63-4320-8199-134bafb23569', 'SALTO CAJON', 'box jump.mp4', 'CAJON A ALTURA POR DEBAJO DE RODILLAS. al salir: rodillas afuera. impulso con brazos desde atras. salto: busco completa extension y ALTURA para caer lo mas despacio y controlado posible sin hacer ruido. CAJON DE 30 CM IDEAL. sino 50', null),
  ('094e9c91-0b53-4112-a56f-c470c94acc8c', 'DYNAMIC PIGEON', 'DYNAMIC PIGEON.mp4', 'Bajo cadera lo mas posible. evito sentarme SOBRE la pierna adelantada.', null),
  ('34c559b9-f9a2-4699-9401-3a90bee6b51d', 'Sumo walk (diagonal)', 'sumo walk diagonal.mp4', 'trato de no destensar del todo la banda', null),
  ('0708d331-bc55-4915-b5c5-6e722eab25ba', '"goblet hold DEAD LIFT', 'DL TOMA CABRA SUB.mp4', 'marco bisagra de cadera. la cadera por atras de la linea de la rodilla y del pie. rodillas hacia afuera', null),
  ('90ccdb76-1440-49c6-8b14-fe2165153cc7', 'TEMPO SQ', 'TEMPO SQ(1).mp4', '3 seg para bajar. 2 seg mantengo y 1 seg para subir. aplico bracing.  rodillas hacia afuera y uso taco en talones.', null),
  ('5a3fe772-c626-448b-a19d-f36304101cff', 'Candelabro arrodillada', 'candelabro split position.mp4', 'evito arquear espalda en todo momento. palmas hacia abajo en todo momento. la idea es subir antebrazos y codos a la altura del hombro.', null),
  ('5c17507c-8a21-4ba7-b3b4-b3aa36fe802e', 'SEATED PANCAKE', 'seated pancake .mp4', 'rodillas extendidas, mas facil si se semiflexionan.  saco cola y pecho.', null),
  ('8f80b6e9-ce7f-4971-9157-f7819a33ae95', 'SPIDERMAN OPEN BOOK', 'open book spiderman .mp4', 'rodilla de atras bien extendida, junto escapulas  una vez que marco apertura con brazos', null),
  ('fc5932c8-4681-48e7-a954-0a58974a7a92', 'Rotacion toracica en sentadilla', '(294) Movilidad: Rotación torácica en sentadilla profunda. #movilidad #entrena #cadera #salud #sentadilla - YouTube', 'como en posicion de chinito, con un codo empujo rodilla hacia afuera con la otra,  roto lo mas posible abriendo pecho.', null),
  ('57edf997-ec8d-46b8-875e-1d837e725dbe', 'movilidad de tobillo', 'Movilidad de tobillo', 'busco una distancia justa en donde el talon no se levante y sientas q estas al limite.', null),
  ('99000848-1757-408e-a76b-86c78eeae27a', 'plancha trx', 'trx plank hand.mp4', 'pies flexionados.  empujo el suelo.  manos a altura del hombro.', null),
  ('02959437-c41f-4be8-8487-f3ce51d7001a', 'plancha lateral trx', '22- TRX plancha lateral', 'si es dificil puedo apoyar la mano en el suelo. trato q cadera no se ladee (que no se caiga para adelante o atras). solo mantengo posicion', null),
  ('4a9f93a7-bf0f-49a0-a0c2-e728b9743ecb', 'extension de cadera en polea', 'Extensión de cadera polea baja', 'no arqueo espalda. no ladear cadera. busco estabilizacion. la patada es cortita y la rodilla siempre extendida de la q tiene la polea', null),
  ('6631eb1b-f660-4201-aa40-c6dd80f60bf2', 'SQUAT TO HIP LIFT', 'https://www.youtube.com/shorts/VL3eQfMJoqs', 'de chinito a jefferson.', null),
  ('47097a5c-6ca4-4d4f-b5a3-0d9ec634563a', 'FROG HIP MOBILITY', 'https://www.youtube.com/shorts/aIC0zaSpXGc', 'llevo cadera hacia adelante y atras haciendo fuerza siempre hacia abajo buscando mas rango de movimiento', null),
  ('16f5af0d-7816-4b0d-9992-efd32458b2d4', 'SERRATO CON FITBALL', 'https://www.youtube.com/watch?v=j-AN84daEWI', 'PROBARLO SIN BANDA PRIMERO, SI ME SIENTO COMODO O SEGUNDO DIA PROBAR CON BANDA LIVIANA.', null),
  ('9e69e7c1-aa12-4e7b-a028-49c6c6a993d4', 'SHOULDER EXT/FLEX/AD.', 'shoulder flex-ext-ad .mp4', 'codos completamente extendidos. EVITO arquear espalda en todo momento.', null),
  ('d6d8f372-49be-4cbe-b96a-faeef48d2edb', 'ROLLER TRX', 'Roller TRX - YouTube', 'AJUSTO CORE. TOMO AIRE ARRIBA MANTENGO AL BAJAR Y SUELTO AL SUBIR. Mientras mas bajo mas dificil. no arquear espalda', null),
  ('cc414e71-91b4-418a-ba4a-a3da7f196aaa', 'PALLOF PRESS CON ROTACION', 'https://www.youtube.com/shorts/iAWKyMczcrs', 'ROTO AL LADO EXTERNO DE DONDE VIENE LA BANDA JUNTO CON CADERA AL MISMO TIEMPO Q LOS HOMBROS, CUANDO VUELVO, VUELVO AL CENTRO SIN ROTAR HACIA EL LADO DE DONDE VIENE LA BANDA. PRESTAR ATENCION A VIDEO', null),
  ('673098b0-087e-41cf-bbdd-14886d730241', 'hip extention wall', 'https://www.youtube.com/shorts/1deEC6s2XLc', 'todo pie apoyado en la pared. marco angulo de 90 grados. ajusto gluteo al subir y controlo la cadera que no se ladee.', null),
  ('1d4b7cc9-f5a9-43b9-b6d6-4c4b8f77ecb5', 'MOVILIDAD TORACICA', 'https://www.youtube.com/shorts/VfqwqWY9wTs', 'PECHO FUERA HACIA ABAJO, PANZA HACIA ARRIBA, NO ARQUEO ESPALDA.', null),
  ('303a1d6e-c0d4-469d-8b4a-60f309351528', 'MOVILIDAD PECTORAL', 'https://www.youtube.com/shorts/FUrpEqa_4G4', 'QUE NO SE ELEVEN LOS HOMBROS. bueco la mayor apertura sin dolor, controlar bien movimiento, no hacerlo apurado. mas lento q video mejor', null),
  ('a13476da-ee69-4f01-a7fe-64d34a2bd9a0', 'rotacion externa de hombro co banda', 'https://www.youtube.com/shorts/iNn_sNA6TbU', 'codo a 90 grados, solo muevo antebrazo', null),
  ('820ef7fe-f979-43ac-97d3-62a130d1e906', 'sentadilla a flexion columna', 'https://www.youtube.com/shorts/Fz5lVJHQ1D4', 'busco abrir caderas lo mas posible, apoyo completo de la planta del pie. cuando subo cadera exxtiendo por completo las rodillas.', null),
  ('e0885812-c291-41fb-810b-5547ee8b3fa3', 'x3 saltos cortos laterales x1 salto largo lateral', 'https://www.youtube.com/shorts/cH09n_rRIfE', 'salto corto para el lado del pie q esta apoyado y vuelvo a posicion inicial', null),
  ('61afeae6-9453-4aed-ba24-ab42400798c7', 'Plancha en fitball', 'https://www.youtube.com/shorts/521kfO_8yDg', 'codos a la altura del hombro. ajusto gluteo empujo pelota todo el tiempo,', null),
  ('b386504a-4c42-46f6-af76-9a5dd422e38c', 'planta lateral apreto fitball', 'https://www.youtube.com/shorts/gesylaIZmWo', 'presion continua y constante.', null),
  ('4fda3e46-eb69-4082-a9ac-3b99eca2f83c', 'bird dog isometrico', 'https://www.youtube.com/shorts/mJ9JPdjYmGI', 'levanto brazo y pie contrario, aplico bracing , la fuerza no es hacia arriba, una vez q mano y pie llega a la altura del tronco me estiro para  adelante con mano y atras con pie', null);

-- PLANS
insert into plans (id, title, sessions_per_week, is_template, created_by) values
  ('0aef1e8d-0ac0-4a49-bd7b-0f5d152c3f52', 'Plan 1 - Introducción', 3, true, null),
  ('c327e2ad-1032-494b-9e1f-4bfa702b1734', 'Plan 2 - Progresión', 3, true, null),
  ('fe1e2b16-578e-407f-865f-28c66cad60e0', 'Plan 3 - Fuerza Básica', 3, true, null),
  ('d233a5ea-4c67-406f-a414-14ceb5ccc30c', 'Plan 4 - Fuerza Intermedia', 3, true, null),
  ('cbd28070-c1cc-4914-b5e3-339be44c509d', 'Plan 5 - Hipertrofia A', 3, true, null),
  ('98fde42b-51eb-4f2e-9424-d29f21131910', 'Plan 6 - Hipertrofia B', 3, true, null),
  ('5b151b03-9501-4d33-85ca-2eb70d0fb5e0', 'Plan 7 - Avanzado A', 3, true, null),
  ('ad85f733-5f5a-418d-90f3-9fc142c5ca5b', 'Plan 8 - Avanzado B', 3, true, null),
  ('39f31b36-f546-40d6-90f1-cb78e9096f8b', 'Plan 9 - Mantenimiento', 3, true, null);

-- PLAN EXERCISES (Planes 1 y 2)
insert into plan_exercises (id, plan_id, exercise_id, section, block_label, suggested_sets, suggested_reps, suggested_weight, suggested_pse, order_index) values
  ('88fa1694-98dd-4db9-8b9e-45300bd771e7', '0aef1e8d-0ac0-4a49-bd7b-0f5d152c3f52', '39b601aa-3273-45d6-be0a-5681f5a13c2b', 'activation', null, null, 'igual q video', 'separar más las piernas', null, 0),
  ('639ccc20-e140-4f67-881d-ceacf49738e7', '0aef1e8d-0ac0-4a49-bd7b-0f5d152c3f52', '43a0ab01-28b7-4c31-b43c-ddbcf3ad0c41', 'day_a', 'A1', null, '10.0', null, null, 0),
  ('97bdc672-2356-4254-af1a-9ac46239e987', '0aef1e8d-0ac0-4a49-bd7b-0f5d152c3f52', '4ba8afec-0f9c-4c50-825e-6bd39be4a065', 'day_b', 'A1', null, '12.0', null, null, 0),
  ('b7fcfeb2-1f25-4a09-a845-af1485ab9ea4', '0aef1e8d-0ac0-4a49-bd7b-0f5d152c3f52', '5b58cec4-e2f5-432b-af66-fbf4847f1a06', 'activation', null, 2, '5 cada lado', null, null, 1),
  ('b2c2dd84-795f-4cf5-8a34-7cfaea42e3f9', '0aef1e8d-0ac0-4a49-bd7b-0f5d152c3f52', 'f4c5fbf3-7e00-494f-bbb7-3c80a1d54b6a', 'day_a', 'A2', null, '12.0', null, null, 1),
  ('f3c42328-7bf9-4e1a-a953-4ee9163f8719', '0aef1e8d-0ac0-4a49-bd7b-0f5d152c3f52', '5fe6baba-9a9f-4bf4-bd28-6eca657b6f3c', 'day_b', 'A2', null, '10.0', null, null, 1),
  ('5d1addc0-cc8a-4ee6-8d24-4a9ad9077226', '0aef1e8d-0ac0-4a49-bd7b-0f5d152c3f52', '8b5ad0de-8954-467c-be06-8c15e539e189', 'activation', null, null, '3.0', '16kg', null, 2),
  ('e5c931b7-f122-45cf-8c0f-ae84eac8dc99', '0aef1e8d-0ac0-4a49-bd7b-0f5d152c3f52', 'e052c496-0d5d-4e15-af04-1b1db016bb19', 'day_a', 'B1', null, '12.0', null, null, 2),
  ('90311bd2-6a18-4bed-b3d6-40a43e988d1b', '0aef1e8d-0ac0-4a49-bd7b-0f5d152c3f52', '994390a8-9aab-4abd-b181-b1c7167baf96', 'day_b', 'B1', null, '8 cada lado', null, null, 2),
  ('a497ef40-68ee-4cf9-b726-88bd152333d4', '0aef1e8d-0ac0-4a49-bd7b-0f5d152c3f52', '86db86c7-a07c-4fd0-b3c4-0a4d3bdf69df', 'activation', null, null, '10 cada lado pesa de 8 kilos o 10 kilos', '16kg', null, 3),
  ('4914842a-1854-4762-9c24-9ded3c63bef6', '0aef1e8d-0ac0-4a49-bd7b-0f5d152c3f52', '778dbfb5-e221-4b00-b573-3b92396b7e7c', 'day_a', 'B2', null, '8.0', null, null, 3),
  ('c35e03da-ca2f-487c-9c3f-e934298bd2d5', '0aef1e8d-0ac0-4a49-bd7b-0f5d152c3f52', 'b62c5937-5ae8-443d-b325-b16e10810c6f', 'day_b', 'B2', null, '8 cada lado', null, null, 3),
  ('1e861969-08ed-4ed7-b953-a1b2a3d0a0f9', '0aef1e8d-0ac0-4a49-bd7b-0f5d152c3f52', 'e7c46ac4-ef80-4e21-883f-49262340dc67', 'activation', null, null, '30"', null, null, 4),
  ('90fd5535-0e98-484a-9d4a-d7e8a51b35b6', '0aef1e8d-0ac0-4a49-bd7b-0f5d152c3f52', '70ec927f-4203-4c14-b77b-fca8d0d5213e', 'day_a', 'C1', null, '4 cada lado', null, 'Se busca estabilidad', 4),
  ('e1d55eb8-35ba-4414-84a0-c00fdf4e833a', '0aef1e8d-0ac0-4a49-bd7b-0f5d152c3f52', '2003ffec-eea5-4b2a-b6c1-b75c3d1a2865', 'day_b', 'C1', null, '6 cada lado', null, null, 4),
  ('89dec885-4116-4d3c-b812-5f3d190ca51f', '0aef1e8d-0ac0-4a49-bd7b-0f5d152c3f52', 'e6a1d101-0be3-4fd1-af0c-baf86686d15f', 'activation', null, 2, '6.0', '10.0', null, 5),
  ('831fe482-a6d8-4cc6-9909-70b38646c3db', '0aef1e8d-0ac0-4a49-bd7b-0f5d152c3f52', '3efed87a-b66f-42f2-80d2-77dc640057ef', 'day_a', 'C2', null, '8 cada lado', null, null, 5),
  ('31aeda48-120f-4466-996a-23526f7a9dc4', '0aef1e8d-0ac0-4a49-bd7b-0f5d152c3f52', '7b36b15b-5b7b-41cd-a226-6e8692607cdf', 'activation', null, null, '8.0', '14.0', null, 6),
  ('695c435e-10bd-49b2-9a90-d06d2ed866a7', '0aef1e8d-0ac0-4a49-bd7b-0f5d152c3f52', '813b8f52-99dd-49ec-bc6a-d3cc16aa76e5', 'activation', null, null, '8 cada lado', null, null, 7),
  ('f3c0c2e4-0761-4a30-a2d7-8c755774afab', '0aef1e8d-0ac0-4a49-bd7b-0f5d152c3f52', '407479a7-36b0-4035-95d9-47abf674fd60', 'activation', null, null, '6 respiraciones', null, null, 8),
  ('5796d811-6f15-42d3-af10-004330cd8b48', 'c327e2ad-1032-494b-9e1f-4bfa702b1734', '1c9a01b5-9e03-41f5-a75f-f9d1fa00d1d4', 'activation', null, 1, '8.0', 'esta me cuesta cuando hay que apoiar kos talones en el suelo no llego, pero hago fuerza para', null, 0),
  ('8cd4001f-9428-4c45-9c69-20761af809b8', 'c327e2ad-1032-494b-9e1f-4bfa702b1734', '2f072f6b-8ccf-4eee-887c-84fcaeed11bb', 'day_a', 'A1', null, '8.0', null, 'muy duro', 0),
  ('71223f2a-8841-4a28-9e4a-fe9f83d660f6', 'c327e2ad-1032-494b-9e1f-4bfa702b1734', '0f2040f2-173c-4954-8f87-41a24de3eb96', 'day_b', 'A1', null, '8.0', null, 'muy duro', 0),
  ('e4a93b7c-e01f-42e6-995f-c16a9871d2fe', 'c327e2ad-1032-494b-9e1f-4bfa702b1734', '5b2607eb-9b21-4a8e-8ae3-5679b2d85a2a', 'activation', null, null, '8.0', null, null, 1),
  ('91786d93-dcff-47e2-b16e-e4cde3c07d52', 'c327e2ad-1032-494b-9e1f-4bfa702b1734', '8dbbf3e8-4d52-42f7-8cda-99ac96c8c33b', 'day_a', 'A2', null, '3
 (1 cada 30 seg)', null, 'muy duro', 1),
  ('25719d01-6aa8-4200-b939-6589b705ef60', 'c327e2ad-1032-494b-9e1f-4bfa702b1734', '4dd27aa3-26d6-4d47-ae22-04f5ee752b10', 'day_b', 'A2', null, '6.0', null, 'muy duro', 1),
  ('2d6e7f95-3016-495e-9631-7aeb4bcd6a80', 'c327e2ad-1032-494b-9e1f-4bfa702b1734', '98ec8950-19a9-42e5-818b-7120d5acd8f2', 'activation', null, null, '8.0', null, null, 2),
  ('139e95d9-e18e-48c6-888d-5dd08330203c', 'c327e2ad-1032-494b-9e1f-4bfa702b1734', '4756fede-e1ae-46f6-b248-8885d8f78786', 'day_a', 'B1', null, '6cl', null, 'duro', 2),
  ('ed65d512-5777-4c75-82ec-28223908332c', 'c327e2ad-1032-494b-9e1f-4bfa702b1734', '9631c9cf-c253-47da-bb1c-1b1aa8a2d31e', 'day_b', 'B1', null, '8cl', null, 'duro', 2),
  ('afd941f3-3275-4a84-a513-1f79c60a2be3', 'c327e2ad-1032-494b-9e1f-4bfa702b1734', 'd678b8ea-a998-4b33-b2cb-bb12678914b0', 'activation', null, null, '8 cl', null, null, 3),
  ('9187ad10-bb7c-4947-a5ac-0efc853ac8aa', 'c327e2ad-1032-494b-9e1f-4bfa702b1734', '9f215909-1ca1-47ba-a481-aff1b6c66714', 'day_a', 'B2', null, '8.0', null, 'duro', 3),
  ('a99a1e47-f647-4bbe-8334-692108603ca4', 'c327e2ad-1032-494b-9e1f-4bfa702b1734', 'a85f1276-1c77-4481-af6d-1fb22d57b3ae', 'day_b', 'B2', null, '10.0', null, 'duro', 3),
  ('084364e2-79b0-43f6-afd4-177fcc331e1e', 'c327e2ad-1032-494b-9e1f-4bfa702b1734', '8a6bcaea-de5f-46a2-9543-eb06fbc785c4', 'activation', null, 2, '10.0', null, null, 4),
  ('4615f274-5b90-4ff3-bad5-6430dff67858', 'c327e2ad-1032-494b-9e1f-4bfa702b1734', '4effccf7-9a9a-45ef-bc05-46a11f279873', 'day_a', 'C1', null, '5cl', null, 'duro - muy duro', 4),
  ('88fac77c-5277-44c4-bf21-2f4d153344d8', 'c327e2ad-1032-494b-9e1f-4bfa702b1734', 'a5a8d655-e975-4ece-a497-e488931e614f', 'day_b', 'C1', null, '6 respiraciones', null, 'duro - muy duro', 4),
  ('8280b995-5f61-499e-93bd-26516cdc9e13', 'c327e2ad-1032-494b-9e1f-4bfa702b1734', 'ff34e608-0ff5-4290-966c-47c38c3550c0', 'activation', null, null, '5.0', null, null, 5),
  ('2115e7e4-7cbd-4e7d-8dcd-862fcee21bec', 'c327e2ad-1032-494b-9e1f-4bfa702b1734', '86624d8a-7e40-4609-a6f6-4b2c94e34d17', 'day_a', 'C2', null, '8cl', null, 'duro-muy duro', 5),
  ('b5842ce6-324f-4764-9d91-38ba9a6b9a52', 'c327e2ad-1032-494b-9e1f-4bfa702b1734', '7ba8e37f-b1f0-4ec9-a0af-1b480f7e3d13', 'day_b', 'c2', null, '3 completas a cada pie', null, 'duro', 5),
  ('f846487f-a658-436d-b797-e288905f3d3d', 'c327e2ad-1032-494b-9e1f-4bfa702b1734', '207974bd-2090-43a0-9edf-7f609c2f33c0', 'activation', null, null, '5cl', '8.0', null, 6),
  ('09046f0c-6af2-4b39-8563-279e60f68edf', 'c327e2ad-1032-494b-9e1f-4bfa702b1734', '05b970ca-84bf-44f8-a7a3-5bf6c2b54efa', 'activation', null, null, '30 segundos', '6 u 8 kg', null, 7),
  ('8d37938b-be9d-49b1-8c5d-d8422c3b10ae', 'c327e2ad-1032-494b-9e1f-4bfa702b1734', '6e6a6ea1-0bf1-4fcb-981d-aef6d7f92708', 'activation', null, null, '5cl', null, null, 8);